{"x_mean": [[[0.0]]], "x_std": [[[1.0]]], "energy_mean": [[-49830.3342509129, -49827.04944341822]], "energy_std": [[7.986920588299663, 7.648334442119805]], "gradient_mean": [[[[0.0]], [[0.0]]]], "gradient_std": [[[[7.986920588299663]], [[7.648334442119805]]]]}