{"x_mean": [[[0.0]]], "x_std": [[[1.0]]], "energy_mean": [[-45780.40423241008, -45777.2658344157, -45776.8107931419, -45776.54176900401, -45775.94368590271, -45775.767974684524]], "energy_std": [[2.482966669013271, 2.1691701819720812, 2.4260006765622304, 2.479703652464078, 2.410149613789552, 2.4449276831431295]], "gradient_mean": [[[[0.0]], [[0.0]], [[0.0]], [[0.0]], [[0.0]], [[0.0]]]], "gradient_std": [[[[2.482966669013271]], [[2.1691701819720812]], [[2.4260006765622304]], [[2.479703652464078]], [[2.410149613789552]], [[2.4449276831431295]]]]}