{"x_mean": [[[0.0]]], "x_std": [[[1.0]]], "energy_mean": [[-45779.99307309624, -45777.12602560861, -45776.473756623134, -45776.2336751333, -45775.838526364605, -45775.52942301931]], "energy_std": [[2.541419216775558, 2.058326318520044, 2.4204677440110327, 2.46895386064287, 2.464732407211466, 2.443225370840052]], "gradient_mean": [[[[0.0]], [[0.0]], [[0.0]], [[0.0]], [[0.0]], [[0.0]]]], "gradient_std": [[[[2.541419216775558]], [[2.058326318520044]], [[2.4204677440110327]], [[2.46895386064287]], [[2.464732407211466]], [[2.443225370840052]]]]}